wallet_label,address,blockchain,coin,protocol,price,amount,usd_value,token_name,is_verified,logo_url,source_file_timestamp
Old_Wallet,0x3656ff4c11c4c8b4b77402faab8b3387e36f2e77,ARB,ETH,Wallet,"$2,422.84",0.000004,$0.01,ETH,True,https://static.debank.com/image/coin/logo_url/eth/6443cdccced33e204d90cb723c632917.png,26-06-2025_18-46-49
Old_Wallet,0x3656ff4c11c4c8b4b77402faab8b3387e36f2e77,SONIC,wS,Wallet,$0.30,0.027581,$0.01,Wrapped Sonic,True,https://static.debank.com/image/sonic_token/logo_url/0x039e2fb66102314ce7b64ce5ce3e5183bc94ad38/c4faf4a1f3192ee5dc3184879182d7e3.png,26-06-2025_18-46-49
Old_Wallet,0x3656ff4c11c4c8b4b77402faab8b3387e36f2e77,SONIC,x33,Wallet,$26.31,0.000331,$0.01,Shadow Liquid Staking Token,True,https://static.debank.com/image/sonic_token/logo_url/0x3333111a391cc08fa51353e9195526a70b333333/9ae56fcfd53c88cef83625c49b8ade30.png,26-06-2025_18-46-49
Old_Wallet,0x3656ff4c11c4c8b4b77402faab8b3387e36f2e77,SONIC,S,Wallet,$0.30,0.004545,$0.00,S,True,https://static.debank.com/image/sonic_token/logo_url/sonic/17d88e82ee2f7243922c0f2d3de580ce.png,26-06-2025_18-46-49
Old_Wallet,0x3656ff4c11c4c8b4b77402faab8b3387e36f2e77,SONIC,wS,Merkl (Rewards),$0.30,0.002559,$0.00,Wrapped Sonic,True,https://static.debank.com/image/sonic_token/logo_url/0x039e2fb66102314ce7b64ce5ce3e5183bc94ad38/c4faf4a1f3192ee5dc3184879182d7e3.png,26-06-2025_18-46-49
Old_Wallet,0x3656ff4c11c4c8b4b77402faab8b3387e36f2e77,SONIC,LBTC,Rings (Yield),"$107,094.91",0.000000,$0.00,Lombard Staked Bitcoin,False,https://static.debank.com/image/corn_token/logo_url/0xecac9c5f704e954931349da37f60e39f515c11c1/fb1b1e3acbf982e46618edc9e4fa09b7.png,26-06-2025_18-46-49
Old_Wallet,0x3656ff4c11c4c8b4b77402faab8b3387e36f2e77,SONIC,USDC,Shadow Exchange (Rewards),$1.00,0.011767,$0.01,USDC,True,https://static.debank.com/image/coin/logo_url/usdc/e87790bfe0b3f2ea855dc29069b38818.png,26-06-2025_18-46-49
Main_Wallet,0x5a2ccb5b0a4dc5b7ca9c0768e6e2082be7bc6229,ARB,ETH,Wallet,"$2,421.12",0.000438,$1.06,ETH,True,https://static.debank.com/image/coin/logo_url/eth/6443cdccced33e204d90cb723c632917.png,26-06-2025_18-46-49
Main_Wallet,0x5a2ccb5b0a4dc5b7ca9c0768e6e2082be7bc6229,BSC,BNB,Wallet,$645.60,0.044813,$28.93,BNB,True,https://static.debank.com/image/coin/logo_url/bnb/9784283a36f23a58982fc964574ea530.png,26-06-2025_18-46-49
Main_Wallet,0x5a2ccb5b0a4dc5b7ca9c0768e6e2082be7bc6229,BSC,BTCB,Wallet,"$107,118.72",0.000582,$62.37,BTCB Token,True,https://static.debank.com/image/bsc_token/logo_url/0x7130d2a12b9bcbfae4f2634d864a1ee1ce3ead9c/6f9302fa889419e4ce8745931d2e19bf.png,26-06-2025_18-46-49
Main_Wallet,0x5a2ccb5b0a4dc5b7ca9c0768e6e2082be7bc6229,ETH,ETH,Wallet,"$2,422.84",0.018736,$45.39,ETH,True,https://static.debank.com/image/coin/logo_url/eth/6443cdccced33e204d90cb723c632917.png,26-06-2025_18-46-49
Main_Wallet,0x5a2ccb5b0a4dc5b7ca9c0768e6e2082be7bc6229,BASE,ETH,Wallet,"$2,421.12",0.000217,$0.53,ETH,True,https://static.debank.com/image/coin/logo_url/eth/6443cdccced33e204d90cb723c632917.png,26-06-2025_18-46-49
Main_Wallet,0x5a2ccb5b0a4dc5b7ca9c0768e6e2082be7bc6229,ARB,USDC,Peapods Finance V2 (Lending),$1.00,428.850135,$428.68,USD Coin,True,https://static.debank.com/image/arb_token/logo_url/0xaf88d065e77c8cc2239327c5edb3a432268e5831/fffcd27b9efff5a86ab942084c05924d.png,26-06-2025_18-46-49
Main_Wallet,0x5a2ccb5b0a4dc5b7ca9c0768e6e2082be7bc6229,ETH,USDC,Notional (Lending),$1.00,99.944144,$99.90,USD Coin,True,https://static.debank.com/image/eth_token/logo_url/0xa0b86991c6218b36c1d19d4a2e9eb0ce3606eb48/fffcd27b9efff5a86ab942084c05924d.png,26-06-2025_18-46-49
Main_Wallet,0x5a2ccb5b0a4dc5b7ca9c0768e6e2082be7bc6229,ETH,NOTE,Notional (Lending),$0.02,19.993581,$0.45,Notional,True,https://static.debank.com/image/eth_token/logo_url/0xcfeaead4947f0705a14ec42ac3d44129e1ef3ed5/ebf0bbcfaf39b581a04aacbc502101a4.png,26-06-2025_18-46-49
Coinbase_Wallet,0x29ea4918b83223f1eec45f242d2d96a293b2fcf3,ARB,ETH,Wallet,"$2,419.90",0.000144,$0.35,ETH,True,https://static.debank.com/image/coin/logo_url/eth/6443cdccced33e204d90cb723c632917.png,26-06-2025_18-46-49
Coinbase_Wallet,0x29ea4918b83223f1eec45f242d2d96a293b2fcf3,ETH,WETH,Wallet,"$2,421.12",0.002465,$5.97,Wrapped Ether,True,https://static.debank.com/image/eth_token/logo_url/0xc02aaa39b223fe8d0a0e5c4f27ead9083c756cc2/61844453e63cf81301f845d7864236f6.png,26-06-2025_18-46-49
Coinbase_Wallet,0x29ea4918b83223f1eec45f242d2d96a293b2fcf3,ETH,ETH,Wallet,"$2,421.12",0.002814,$6.81,ETH,True,https://static.debank.com/image/coin/logo_url/eth/6443cdccced33e204d90cb723c632917.png,26-06-2025_18-46-49
Coinbase_Wallet,0x29ea4918b83223f1eec45f242d2d96a293b2fcf3,BASE,WETH,Wallet,"$2,419.90",0.007470,$18.08,Wrapped Ether,True,https://static.debank.com/image/eth_token/logo_url/0xc02aaa39b223fe8d0a0e5c4f27ead9083c756cc2/61844453e63cf81301f845d7864236f6.png,26-06-2025_18-46-49
Coinbase_Wallet,0x29ea4918b83223f1eec45f242d2d96a293b2fcf3,BASE,USDC,Wallet,$1.00,0.000399,$0.00,USD Coin,True,https://static.debank.com/image/eth_token/logo_url/0xa0b86991c6218b36c1d19d4a2e9eb0ce3606eb48/fffcd27b9efff5a86ab942084c05924d.png,26-06-2025_18-46-49
Coinbase_Wallet,0x29ea4918b83223f1eec45f242d2d96a293b2fcf3,BASE,GOOFS,Wallet,$0.00,1.000000,$0.00,Goofs World,True,https://static.debank.com/image/base_token/logo_url/0x8e5c04f82d6464b420e2018362e7e7ab813cf190/d77975b1e290f3738bc137451be6f63a.png,26-06-2025_18-46-49
Coinbase_Wallet,0x29ea4918b83223f1eec45f242d2d96a293b2fcf3,BASE,SWOL,Wallet,$0.00,200.000000,$0.01,Snowy Owl,True,https://static.debank.com/image/base_token/logo_url/0xa1ca6299ba48366af1845a9a8ae59b87ff0d5c01/eaeaea0ff9833e627b52647c886b5deb.png,26-06-2025_18-46-49
Coinbase_Wallet,0x29ea4918b83223f1eec45f242d2d96a293b2fcf3,BASE,ETH,Wallet,"$2,419.90",0.000007,$0.02,ETH,True,https://static.debank.com/image/coin/logo_url/eth/6443cdccced33e204d90cb723c632917.png,26-06-2025_18-46-49
Coinbase_Wallet,0x29ea4918b83223f1eec45f242d2d96a293b2fcf3,MATIC,POL,Wallet,$0.17,0.005762,$0.00,POL,True,https://static.debank.com/image/matic_token/logo_url/matic/6f5a6b6f0732a7a235131bd7804d357c.png,26-06-2025_18-46-49
Coinbase_Wallet,0x29ea4918b83223f1eec45f242d2d96a293b2fcf3,ETH,WETH,Uniswap V3 (Liquidity Pool),"$2,421.12",0.154626,$374.37,Wrapped Ether,True,https://static.debank.com/image/eth_token/logo_url/0xc02aaa39b223fe8d0a0e5c4f27ead9083c756cc2/61844453e63cf81301f845d7864236f6.png,26-06-2025_18-46-49
Coinbase_Wallet,0x29ea4918b83223f1eec45f242d2d96a293b2fcf3,ETH,USDT,Uniswap V3 (Liquidity Pool),$1.00,7.285494,$7.29,Tether USD,True,https://static.debank.com/image/eth_token/logo_url/0xdac17f958d2ee523a2206206994597c13d831ec7/1a1d8a5b89114dc183f42b3d33eb3522.png,26-06-2025_18-46-49
Coinbase_Wallet,0x29ea4918b83223f1eec45f242d2d96a293b2fcf3,ETH,WBTC,Uniswap V3 (Liquidity Pool),"$107,065.66",0.000027,$2.93,Wrapped BTC,True,https://static.debank.com/image/eth_token/logo_url/0x2260fac5e5542a773aa44fbcfedf7c193bc2c599/d3c52e7c7449afa8bd4fad1c93f50d93.png,26-06-2025_18-46-49
Coinbase_Wallet,0x29ea4918b83223f1eec45f242d2d96a293b2fcf3,ETH,cbBTC,Uniswap V3 (Liquidity Pool),"$107,158.64",0.004696,$503.17,Coinbase Wrapped BTC,False,https://static.debank.com/image/eth_token/logo_url/0xcbb7c0000ab88b473b1f5afd9ef808440eed33bf/a4ae837a6ca2fc45f07a74898cc4ba45.png,26-06-2025_18-46-49
Sonic_Farm,0x7ab7528984690d3d8066bac18f38133a0cfba053,BASE,ETH,Wallet,"$2,419.90",0.000000,$0.00,ETH,True,https://static.debank.com/image/coin/logo_url/eth/6443cdccced33e204d90cb723c632917.png,26-06-2025_18-46-49
Sonic_Farm,0x7ab7528984690d3d8066bac18f38133a0cfba053,SONIC,wS,Wallet,$0.30,0.486446,$0.15,Wrapped Sonic,True,https://static.debank.com/image/sonic_token/logo_url/0x039e2fb66102314ce7b64ce5ce3e5183bc94ad38/c4faf4a1f3192ee5dc3184879182d7e3.png,26-06-2025_18-46-49
Sonic_Farm,0x7ab7528984690d3d8066bac18f38133a0cfba053,SONIC,SHADOW,Wallet,$21.93,0.000293,$0.01,Shadow,True,https://static.debank.com/image/sonic_token/logo_url/0x3333b97138d4b086720b5ae8a7844b1345a33333/72eb44fe5e33b375362d5256423b5293.png,26-06-2025_18-46-49
Sonic_Farm,0x7ab7528984690d3d8066bac18f38133a0cfba053,SONIC,xSHADOW,Wallet,$21.93,0.004582,$0.10,xShadow,True,https://static.debank.com/image/sonic_token/logo_url/0x5050bc082ff4a74fb6b0b04385defddb114b2424/002d21b0496b2364071c75c3028b5183.png,26-06-2025_18-46-49
Sonic_Farm,0x7ab7528984690d3d8066bac18f38133a0cfba053,SONIC,GEMS,Wallet,$18.73,0.000806,$0.02,Shadow Wrapped Gems,True,https://static.debank.com/image/sonic_token/logo_url/0x5555b2733602ded58d47b8d3d989e631cbee5555/e6b58dd1e32c3201822ace8e1fba8758.png,26-06-2025_18-46-49
Sonic_Farm,0x7ab7528984690d3d8066bac18f38133a0cfba053,SONIC,RUGGIE,Wallet,$0.00,31.794226,$0.00,Ruggie's Pizza,True,https://static.debank.com/image/sonic_token/logo_url/0xb2a909b8bcce9b30bbc9d4c748fd897d6ad9c285/084f3f6c69be11204f5192c4374a6891.png,26-06-2025_18-46-49
Sonic_Farm,0x7ab7528984690d3d8066bac18f38133a0cfba053,SONIC,ROME,Wallet,$0.23,0.010713,$0.00,Rome,True,https://static.debank.com/image/sonic_token/logo_url/0xc8449e006c5cb61959168f273c3e17fb8d2cd75e/83611c1cc22e2b4188d5e3073d1b9fe4.png,26-06-2025_18-46-49
Sonic_Farm,0x7ab7528984690d3d8066bac18f38133a0cfba053,SONIC,S,Wallet,$0.30,6.379014,$1.92,S,True,https://static.debank.com/image/sonic_token/logo_url/sonic/17d88e82ee2f7243922c0f2d3de580ce.png,26-06-2025_18-46-49
Sonic_Farm,0x7ab7528984690d3d8066bac18f38133a0cfba053,SONIC,USDC,Aave V3 (Lending),$1.00,0.000001,$0.00,USDC,True,https://static.debank.com/image/coin/logo_url/usdc/e87790bfe0b3f2ea855dc29069b38818.png,26-06-2025_18-46-49
Sonic_Farm,0x7ab7528984690d3d8066bac18f38133a0cfba053,SONIC,SHADOW,Shadow Exchange (Vesting),$21.93,0.246414,$5.40,Shadow,True,https://static.debank.com/image/sonic_token/logo_url/0x3333b97138d4b086720b5ae8a7844b1345a33333/72eb44fe5e33b375362d5256423b5293.png,26-06-2025_18-46-49
ZYF_AI,0x2463cc0b87dfc7d563b5f4fee294c49fe0603c62,SONIC,USDC,Wallet,$1.00,0.000002,$0.00,USDC,True,https://static.debank.com/image/coin/logo_url/usdc/e87790bfe0b3f2ea855dc29069b38818.png,26-06-2025_18-46-49
ZYF_AI,0x2463cc0b87dfc7d563b5f4fee294c49fe0603c62,BASE,USDC,Morpho (Yield),$1.00,200.483328,$200.40,USD Coin,True,https://static.debank.com/image/eth_token/logo_url/0xa0b86991c6218b36c1d19d4a2e9eb0ce3606eb48/fffcd27b9efff5a86ab942084c05924d.png,26-06-2025_18-46-49
ZYF_AI,0x2463cc0b87dfc7d563b5f4fee294c49fe0603c62,SONIC,SILO,Silo (Rewards),$0.04,1.337622,$0.06,Silo Token,False,https://static.debank.com/image/project/logo_url/arb_silo/70cd780f68c001aa0d9543d596db5601.png,26-06-2025_18-46-49
ZYF_AI,0x2463cc0b87dfc7d563b5f4fee294c49fe0603c62,SONIC,SILO,Silo (Rewards),$0.04,0.057862,$0.00,Silo Token,False,https://static.debank.com/image/project/logo_url/arb_silo/70cd780f68c001aa0d9543d596db5601.png,26-06-2025_18-46-49
ZYF_AI,0x2463cc0b87dfc7d563b5f4fee294c49fe0603c62,SONIC,USDC,Silo (Yield),$1.00,254.394950,$254.29,USDC,True,https://static.debank.com/image/coin/logo_url/usdc/e87790bfe0b3f2ea855dc29069b38818.png,26-06-2025_18-46-49
Old_Wallet,0x3656ff4c11c4c8b4b77402faab8b3387e36f2e77,ARB,ETH,Wallet,"$2,431.69",0.000004,$0.01,ETH,True,https://static.debank.com/image/coin/logo_url/eth/6443cdccced33e204d90cb723c632917.png,26-06-2025_19-03-33
Old_Wallet,0x3656ff4c11c4c8b4b77402faab8b3387e36f2e77,SONIC,wS,Wallet,$0.30,0.027581,$0.01,Wrapped Sonic,True,https://static.debank.com/image/sonic_token/logo_url/0x039e2fb66102314ce7b64ce5ce3e5183bc94ad38/c4faf4a1f3192ee5dc3184879182d7e3.png,26-06-2025_19-03-33
Old_Wallet,0x3656ff4c11c4c8b4b77402faab8b3387e36f2e77,SONIC,x33,Wallet,$26.23,0.000331,$0.01,Shadow Liquid Staking Token,True,https://static.debank.com/image/sonic_token/logo_url/0x3333111a391cc08fa51353e9195526a70b333333/9ae56fcfd53c88cef83625c49b8ade30.png,26-06-2025_19-03-33
Old_Wallet,0x3656ff4c11c4c8b4b77402faab8b3387e36f2e77,SONIC,S,Wallet,$0.30,0.004545,$0.00,S,True,https://static.debank.com/image/sonic_token/logo_url/sonic/17d88e82ee2f7243922c0f2d3de580ce.png,26-06-2025_19-03-33
Old_Wallet,0x3656ff4c11c4c8b4b77402faab8b3387e36f2e77,SONIC,wS,Merkl (Rewards),$0.30,0.002559,$0.00,Wrapped Sonic,True,https://static.debank.com/image/sonic_token/logo_url/0x039e2fb66102314ce7b64ce5ce3e5183bc94ad38/c4faf4a1f3192ee5dc3184879182d7e3.png,26-06-2025_19-03-33
Old_Wallet,0x3656ff4c11c4c8b4b77402faab8b3387e36f2e77,SONIC,LBTC,Rings (Yield),"$107,320.58",0.000000,$0.00,Lombard Staked Bitcoin,False,https://static.debank.com/image/corn_token/logo_url/0xecac9c5f704e954931349da37f60e39f515c11c1/fb1b1e3acbf982e46618edc9e4fa09b7.png,26-06-2025_19-03-33
Old_Wallet,0x3656ff4c11c4c8b4b77402faab8b3387e36f2e77,SONIC,USDC,Shadow Exchange (Rewards),$1.00,0.011767,$0.01,USDC,True,https://static.debank.com/image/coin/logo_url/usdc/e87790bfe0b3f2ea855dc29069b38818.png,26-06-2025_19-03-33
Main_Wallet,0x5a2ccb5b0a4dc5b7ca9c0768e6e2082be7bc6229,ARB,ETH,Wallet,"$2,431.69",0.000438,$1.06,ETH,True,https://static.debank.com/image/coin/logo_url/eth/6443cdccced33e204d90cb723c632917.png,26-06-2025_19-03-33
Main_Wallet,0x5a2ccb5b0a4dc5b7ca9c0768e6e2082be7bc6229,BSC,BNB,Wallet,$647.00,0.044813,$28.99,BNB,True,https://static.debank.com/image/coin/logo_url/bnb/9784283a36f23a58982fc964574ea530.png,26-06-2025_19-03-33
Main_Wallet,0x5a2ccb5b0a4dc5b7ca9c0768e6e2082be7bc6229,BSC,BTCB,Wallet,"$107,251.20",0.000582,$62.45,BTCB Token,True,https://static.debank.com/image/bsc_token/logo_url/0x7130d2a12b9bcbfae4f2634d864a1ee1ce3ead9c/6f9302fa889419e4ce8745931d2e19bf.png,26-06-2025_19-03-33
Main_Wallet,0x5a2ccb5b0a4dc5b7ca9c0768e6e2082be7bc6229,ETH,ETH,Wallet,"$2,431.69",0.018736,$45.56,ETH,True,https://static.debank.com/image/coin/logo_url/eth/6443cdccced33e204d90cb723c632917.png,26-06-2025_19-03-33
Main_Wallet,0x5a2ccb5b0a4dc5b7ca9c0768e6e2082be7bc6229,BASE,ETH,Wallet,"$2,431.69",0.000217,$0.53,ETH,True,https://static.debank.com/image/coin/logo_url/eth/6443cdccced33e204d90cb723c632917.png,26-06-2025_19-03-33
Main_Wallet,0x5a2ccb5b0a4dc5b7ca9c0768e6e2082be7bc6229,ARB,USDC,Peapods Finance V2 (Lending),$1.00,428.850135,$428.72,USD Coin,True,https://static.debank.com/image/arb_token/logo_url/0xaf88d065e77c8cc2239327c5edb3a432268e5831/fffcd27b9efff5a86ab942084c05924d.png,26-06-2025_19-03-33
Main_Wallet,0x5a2ccb5b0a4dc5b7ca9c0768e6e2082be7bc6229,ETH,USDC,Notional (Lending),$1.00,99.944144,$99.91,USD Coin,True,https://static.debank.com/image/eth_token/logo_url/0xa0b86991c6218b36c1d19d4a2e9eb0ce3606eb48/fffcd27b9efff5a86ab942084c05924d.png,26-06-2025_19-03-33
Main_Wallet,0x5a2ccb5b0a4dc5b7ca9c0768e6e2082be7bc6229,ETH,NOTE,Notional (Lending),$0.02,19.993581,$0.46,Notional,True,https://static.debank.com/image/eth_token/logo_url/0xcfeaead4947f0705a14ec42ac3d44129e1ef3ed5/ebf0bbcfaf39b581a04aacbc502101a4.png,26-06-2025_19-03-33
Coinbase_Wallet,0x29ea4918b83223f1eec45f242d2d96a293b2fcf3,ARB,ETH,Wallet,"$2,431.69",0.000144,$0.35,ETH,True,https://static.debank.com/image/coin/logo_url/eth/6443cdccced33e204d90cb723c632917.png,26-06-2025_19-03-33
Coinbase_Wallet,0x29ea4918b83223f1eec45f242d2d96a293b2fcf3,ETH,WETH,Wallet,"$2,431.69",0.002465,$5.99,Wrapped Ether,True,https://static.debank.com/image/eth_token/logo_url/0xc02aaa39b223fe8d0a0e5c4f27ead9083c756cc2/61844453e63cf81301f845d7864236f6.png,26-06-2025_19-03-33
Coinbase_Wallet,0x29ea4918b83223f1eec45f242d2d96a293b2fcf3,ETH,ETH,Wallet,"$2,431.69",0.002814,$6.84,ETH,True,https://static.debank.com/image/coin/logo_url/eth/6443cdccced33e204d90cb723c632917.png,26-06-2025_19-03-33
Coinbase_Wallet,0x29ea4918b83223f1eec45f242d2d96a293b2fcf3,BASE,WETH,Wallet,"$2,431.69",0.007470,$18.16,Wrapped Ether,True,https://static.debank.com/image/eth_token/logo_url/0xc02aaa39b223fe8d0a0e5c4f27ead9083c756cc2/61844453e63cf81301f845d7864236f6.png,26-06-2025_19-03-33
Coinbase_Wallet,0x29ea4918b83223f1eec45f242d2d96a293b2fcf3,BASE,USDC,Wallet,$1.00,0.000399,$0.00,USD Coin,True,https://static.debank.com/image/eth_token/logo_url/0xa0b86991c6218b36c1d19d4a2e9eb0ce3606eb48/fffcd27b9efff5a86ab942084c05924d.png,26-06-2025_19-03-33
Coinbase_Wallet,0x29ea4918b83223f1eec45f242d2d96a293b2fcf3,BASE,GOOFS,Wallet,$0.00,1.000000,$0.00,Goofs World,True,https://static.debank.com/image/base_token/logo_url/0x8e5c04f82d6464b420e2018362e7e7ab813cf190/d77975b1e290f3738bc137451be6f63a.png,26-06-2025_19-03-33
Coinbase_Wallet,0x29ea4918b83223f1eec45f242d2d96a293b2fcf3,BASE,SWOL,Wallet,$0.00,200.000000,$0.01,Snowy Owl,True,https://static.debank.com/image/base_token/logo_url/0xa1ca6299ba48366af1845a9a8ae59b87ff0d5c01/eaeaea0ff9833e627b52647c886b5deb.png,26-06-2025_19-03-33
Coinbase_Wallet,0x29ea4918b83223f1eec45f242d2d96a293b2fcf3,BASE,ETH,Wallet,"$2,431.69",0.000007,$0.02,ETH,True,https://static.debank.com/image/coin/logo_url/eth/6443cdccced33e204d90cb723c632917.png,26-06-2025_19-03-33
Coinbase_Wallet,0x29ea4918b83223f1eec45f242d2d96a293b2fcf3,MATIC,POL,Wallet,$0.17,0.005762,$0.00,POL,True,https://static.debank.com/image/matic_token/logo_url/matic/6f5a6b6f0732a7a235131bd7804d357c.png,26-06-2025_19-03-33
Coinbase_Wallet,0x29ea4918b83223f1eec45f242d2d96a293b2fcf3,ETH,WETH,Uniswap V3 (Liquidity Pool),"$2,431.69",0.154626,$376.00,Wrapped Ether,True,https://static.debank.com/image/eth_token/logo_url/0xc02aaa39b223fe8d0a0e5c4f27ead9083c756cc2/61844453e63cf81301f845d7864236f6.png,26-06-2025_19-03-33
Coinbase_Wallet,0x29ea4918b83223f1eec45f242d2d96a293b2fcf3,ETH,USDT,Uniswap V3 (Liquidity Pool),$1.00,7.285494,$7.29,Tether USD,True,https://static.debank.com/image/eth_token/logo_url/0xdac17f958d2ee523a2206206994597c13d831ec7/1a1d8a5b89114dc183f42b3d33eb3522.png,26-06-2025_19-03-33
Coinbase_Wallet,0x29ea4918b83223f1eec45f242d2d96a293b2fcf3,ETH,WBTC,Uniswap V3 (Liquidity Pool),"$107,320.58",0.000027,$2.94,Wrapped BTC,True,https://static.debank.com/image/eth_token/logo_url/0x2260fac5e5542a773aa44fbcfedf7c193bc2c599/d3c52e7c7449afa8bd4fad1c93f50d93.png,26-06-2025_19-03-33
Coinbase_Wallet,0x29ea4918b83223f1eec45f242d2d96a293b2fcf3,ETH,cbBTC,Uniswap V3 (Liquidity Pool),"$107,410.07",0.004696,$504.35,Coinbase Wrapped BTC,False,https://static.debank.com/image/eth_token/logo_url/0xcbb7c0000ab88b473b1f5afd9ef808440eed33bf/a4ae837a6ca2fc45f07a74898cc4ba45.png,26-06-2025_19-03-33
Sonic_Farm,0x7ab7528984690d3d8066bac18f38133a0cfba053,BASE,ETH,Wallet,"$2,431.74",0.000000,$0.00,ETH,True,https://static.debank.com/image/coin/logo_url/eth/6443cdccced33e204d90cb723c632917.png,26-06-2025_19-03-33
Sonic_Farm,0x7ab7528984690d3d8066bac18f38133a0cfba053,SONIC,wS,Wallet,$0.30,0.486446,$0.15,Wrapped Sonic,True,https://static.debank.com/image/sonic_token/logo_url/0x039e2fb66102314ce7b64ce5ce3e5183bc94ad38/c4faf4a1f3192ee5dc3184879182d7e3.png,26-06-2025_19-03-33
Sonic_Farm,0x7ab7528984690d3d8066bac18f38133a0cfba053,SONIC,SHADOW,Wallet,$21.88,0.000293,$0.01,Shadow,True,https://static.debank.com/image/sonic_token/logo_url/0x3333b97138d4b086720b5ae8a7844b1345a33333/72eb44fe5e33b375362d5256423b5293.png,26-06-2025_19-03-33
Sonic_Farm,0x7ab7528984690d3d8066bac18f38133a0cfba053,SONIC,xSHADOW,Wallet,$21.88,0.004582,$0.10,xShadow,True,https://static.debank.com/image/sonic_token/logo_url/0x5050bc082ff4a74fb6b0b04385defddb114b2424/002d21b0496b2364071c75c3028b5183.png,26-06-2025_19-03-33
Sonic_Farm,0x7ab7528984690d3d8066bac18f38133a0cfba053,SONIC,GEMS,Wallet,$18.71,0.000806,$0.02,Shadow Wrapped Gems,True,https://static.debank.com/image/sonic_token/logo_url/0x5555b2733602ded58d47b8d3d989e631cbee5555/e6b58dd1e32c3201822ace8e1fba8758.png,26-06-2025_19-03-33
Sonic_Farm,0x7ab7528984690d3d8066bac18f38133a0cfba053,SONIC,RUGGIE,Wallet,$0.00,31.794226,$0.00,Ruggie's Pizza,True,https://static.debank.com/image/sonic_token/logo_url/0xb2a909b8bcce9b30bbc9d4c748fd897d6ad9c285/084f3f6c69be11204f5192c4374a6891.png,26-06-2025_19-03-33
Sonic_Farm,0x7ab7528984690d3d8066bac18f38133a0cfba053,SONIC,ROME,Wallet,$0.23,0.010713,$0.00,Rome,True,https://static.debank.com/image/sonic_token/logo_url/0xc8449e006c5cb61959168f273c3e17fb8d2cd75e/83611c1cc22e2b4188d5e3073d1b9fe4.png,26-06-2025_19-03-33
Sonic_Farm,0x7ab7528984690d3d8066bac18f38133a0cfba053,SONIC,S,Wallet,$0.30,6.379014,$1.93,S,True,https://static.debank.com/image/sonic_token/logo_url/sonic/17d88e82ee2f7243922c0f2d3de580ce.png,26-06-2025_19-03-33
Sonic_Farm,0x7ab7528984690d3d8066bac18f38133a0cfba053,SONIC,USDC,Aave V3 (Lending),$1.00,0.000001,$0.00,USDC,True,https://static.debank.com/image/coin/logo_url/usdc/e87790bfe0b3f2ea855dc29069b38818.png,26-06-2025_19-03-33
Sonic_Farm,0x7ab7528984690d3d8066bac18f38133a0cfba053,SONIC,SHADOW,Shadow Exchange (Vesting),$21.88,0.246414,$5.39,Shadow,True,https://static.debank.com/image/sonic_token/logo_url/0x3333b97138d4b086720b5ae8a7844b1345a33333/72eb44fe5e33b375362d5256423b5293.png,26-06-2025_19-03-33
ZYF_AI,0x2463cc0b87dfc7d563b5f4fee294c49fe0603c62,SONIC,USDC,Wallet,$1.00,0.000002,$0.00,USDC,True,https://static.debank.com/image/coin/logo_url/usdc/e87790bfe0b3f2ea855dc29069b38818.png,26-06-2025_19-03-33
ZYF_AI,0x2463cc0b87dfc7d563b5f4fee294c49fe0603c62,BASE,USDC,Morpho (Yield),$1.00,200.483328,$200.42,USD Coin,True,https://static.debank.com/image/eth_token/logo_url/0xa0b86991c6218b36c1d19d4a2e9eb0ce3606eb48/fffcd27b9efff5a86ab942084c05924d.png,26-06-2025_19-03-33
ZYF_AI,0x2463cc0b87dfc7d563b5f4fee294c49fe0603c62,SONIC,SILO,Silo (Rewards),$0.04,1.337640,$0.06,Silo Token,False,https://static.debank.com/image/project/logo_url/arb_silo/70cd780f68c001aa0d9543d596db5601.png,26-06-2025_19-03-33
ZYF_AI,0x2463cc0b87dfc7d563b5f4fee294c49fe0603c62,SONIC,SILO,Silo (Rewards),$0.04,0.057863,$0.00,Silo Token,False,https://static.debank.com/image/project/logo_url/arb_silo/70cd780f68c001aa0d9543d596db5601.png,26-06-2025_19-03-33
ZYF_AI,0x2463cc0b87dfc7d563b5f4fee294c49fe0603c62,SONIC,USDC,Silo (Yield),$1.00,254.394950,$254.32,USDC,True,https://static.debank.com/image/coin/logo_url/usdc/e87790bfe0b3f2ea855dc29069b38818.png,26-06-2025_19-03-33
Old_Wallet,0x3656ff4c11c4c8b4b77402faab8b3387e36f2e77,ARB,ETH,Wallet,"$2,432.32",0.000004,$0.01,ETH,True,https://static.debank.com/image/coin/logo_url/eth/6443cdccced33e204d90cb723c632917.png,26-06-2025_19-07-40
Old_Wallet,0x3656ff4c11c4c8b4b77402faab8b3387e36f2e77,SONIC,wS,Wallet,$0.30,0.027581,$0.01,Wrapped Sonic,True,https://static.debank.com/image/sonic_token/logo_url/0x039e2fb66102314ce7b64ce5ce3e5183bc94ad38/c4faf4a1f3192ee5dc3184879182d7e3.png,26-06-2025_19-07-40
Old_Wallet,0x3656ff4c11c4c8b4b77402faab8b3387e36f2e77,SONIC,x33,Wallet,$26.35,0.000331,$0.01,Shadow Liquid Staking Token,True,https://static.debank.com/image/sonic_token/logo_url/0x3333111a391cc08fa51353e9195526a70b333333/9ae56fcfd53c88cef83625c49b8ade30.png,26-06-2025_19-07-40
Old_Wallet,0x3656ff4c11c4c8b4b77402faab8b3387e36f2e77,SONIC,S,Wallet,$0.30,0.004545,$0.00,S,True,https://static.debank.com/image/sonic_token/logo_url/sonic/17d88e82ee2f7243922c0f2d3de580ce.png,26-06-2025_19-07-40
Old_Wallet,0x3656ff4c11c4c8b4b77402faab8b3387e36f2e77,SONIC,wS,Merkl (Rewards),$0.30,0.002559,$0.00,Wrapped Sonic,True,https://static.debank.com/image/sonic_token/logo_url/0x039e2fb66102314ce7b64ce5ce3e5183bc94ad38/c4faf4a1f3192ee5dc3184879182d7e3.png,26-06-2025_19-07-40
Old_Wallet,0x3656ff4c11c4c8b4b77402faab8b3387e36f2e77,SONIC,LBTC,Rings (Yield),"$107,353.20",0.000000,$0.00,Lombard Staked Bitcoin,False,https://static.debank.com/image/corn_token/logo_url/0xecac9c5f704e954931349da37f60e39f515c11c1/fb1b1e3acbf982e46618edc9e4fa09b7.png,26-06-2025_19-07-40
Old_Wallet,0x3656ff4c11c4c8b4b77402faab8b3387e36f2e77,SONIC,USDC,Shadow Exchange (Rewards),$1.00,0.011767,$0.01,USDC,True,https://static.debank.com/image/coin/logo_url/usdc/e87790bfe0b3f2ea855dc29069b38818.png,26-06-2025_19-07-40
Main_Wallet,0x5a2ccb5b0a4dc5b7ca9c0768e6e2082be7bc6229,ARB,ETH,Wallet,"$2,429.92",0.000438,$1.06,ETH,True,https://static.debank.com/image/coin/logo_url/eth/6443cdccced33e204d90cb723c632917.png,26-06-2025_19-07-40
Main_Wallet,0x5a2ccb5b0a4dc5b7ca9c0768e6e2082be7bc6229,BSC,BNB,Wallet,$647.40,0.044813,$29.01,BNB,True,https://static.debank.com/image/coin/logo_url/bnb/9784283a36f23a58982fc964574ea530.png,26-06-2025_19-07-40
Main_Wallet,0x5a2ccb5b0a4dc5b7ca9c0768e6e2082be7bc6229,BSC,BTCB,Wallet,"$107,391.60",0.000582,$62.53,BTCB Token,True,https://static.debank.com/image/bsc_token/logo_url/0x7130d2a12b9bcbfae4f2634d864a1ee1ce3ead9c/6f9302fa889419e4ce8745931d2e19bf.png,26-06-2025_19-07-40
Main_Wallet,0x5a2ccb5b0a4dc5b7ca9c0768e6e2082be7bc6229,ETH,ETH,Wallet,"$2,429.92",0.018736,$45.53,ETH,True,https://static.debank.com/image/coin/logo_url/eth/6443cdccced33e204d90cb723c632917.png,26-06-2025_19-07-40
Main_Wallet,0x5a2ccb5b0a4dc5b7ca9c0768e6e2082be7bc6229,BASE,ETH,Wallet,"$2,429.92",0.000217,$0.53,ETH,True,https://static.debank.com/image/coin/logo_url/eth/6443cdccced33e204d90cb723c632917.png,26-06-2025_19-07-40
Main_Wallet,0x5a2ccb5b0a4dc5b7ca9c0768e6e2082be7bc6229,ARB,USDC,Peapods Finance V2 (Lending),$1.00,428.850135,$428.72,USD Coin,True,https://static.debank.com/image/arb_token/logo_url/0xaf88d065e77c8cc2239327c5edb3a432268e5831/fffcd27b9efff5a86ab942084c05924d.png,26-06-2025_19-07-40
Main_Wallet,0x5a2ccb5b0a4dc5b7ca9c0768e6e2082be7bc6229,ETH,USDC,Notional (Lending),$1.00,99.944144,$99.91,USD Coin,True,https://static.debank.com/image/eth_token/logo_url/0xa0b86991c6218b36c1d19d4a2e9eb0ce3606eb48/fffcd27b9efff5a86ab942084c05924d.png,26-06-2025_19-07-40
Main_Wallet,0x5a2ccb5b0a4dc5b7ca9c0768e6e2082be7bc6229,ETH,NOTE,Notional (Lending),$0.02,19.993581,$0.46,Notional,True,https://static.debank.com/image/eth_token/logo_url/0xcfeaead4947f0705a14ec42ac3d44129e1ef3ed5/ebf0bbcfaf39b581a04aacbc502101a4.png,26-06-2025_19-07-40
Coinbase_Wallet,0x29ea4918b83223f1eec45f242d2d96a293b2fcf3,ARB,ETH,Wallet,"$2,429.92",0.000144,$0.35,ETH,True,https://static.debank.com/image/coin/logo_url/eth/6443cdccced33e204d90cb723c632917.png,26-06-2025_19-07-40
Coinbase_Wallet,0x29ea4918b83223f1eec45f242d2d96a293b2fcf3,ETH,WETH,Wallet,"$2,429.92",0.002465,$5.99,Wrapped Ether,True,https://static.debank.com/image/eth_token/logo_url/0xc02aaa39b223fe8d0a0e5c4f27ead9083c756cc2/61844453e63cf81301f845d7864236f6.png,26-06-2025_19-07-40
Coinbase_Wallet,0x29ea4918b83223f1eec45f242d2d96a293b2fcf3,ETH,ETH,Wallet,"$2,429.92",0.002814,$6.84,ETH,True,https://static.debank.com/image/coin/logo_url/eth/6443cdccced33e204d90cb723c632917.png,26-06-2025_19-07-40
Coinbase_Wallet,0x29ea4918b83223f1eec45f242d2d96a293b2fcf3,BASE,WETH,Wallet,"$2,429.92",0.007470,$18.15,Wrapped Ether,True,https://static.debank.com/image/eth_token/logo_url/0xc02aaa39b223fe8d0a0e5c4f27ead9083c756cc2/61844453e63cf81301f845d7864236f6.png,26-06-2025_19-07-40
Coinbase_Wallet,0x29ea4918b83223f1eec45f242d2d96a293b2fcf3,BASE,USDC,Wallet,$1.00,0.000399,$0.00,USD Coin,True,https://static.debank.com/image/eth_token/logo_url/0xa0b86991c6218b36c1d19d4a2e9eb0ce3606eb48/fffcd27b9efff5a86ab942084c05924d.png,26-06-2025_19-07-40
Coinbase_Wallet,0x29ea4918b83223f1eec45f242d2d96a293b2fcf3,BASE,GOOFS,Wallet,$0.00,1.000000,$0.00,Goofs World,True,https://static.debank.com/image/base_token/logo_url/0x8e5c04f82d6464b420e2018362e7e7ab813cf190/d77975b1e290f3738bc137451be6f63a.png,26-06-2025_19-07-40
Coinbase_Wallet,0x29ea4918b83223f1eec45f242d2d96a293b2fcf3,BASE,SWOL,Wallet,$0.00,200.000000,$0.01,Snowy Owl,True,https://static.debank.com/image/base_token/logo_url/0xa1ca6299ba48366af1845a9a8ae59b87ff0d5c01/eaeaea0ff9833e627b52647c886b5deb.png,26-06-2025_19-07-40
Coinbase_Wallet,0x29ea4918b83223f1eec45f242d2d96a293b2fcf3,BASE,ETH,Wallet,"$2,429.92",0.000007,$0.02,ETH,True,https://static.debank.com/image/coin/logo_url/eth/6443cdccced33e204d90cb723c632917.png,26-06-2025_19-07-40
Coinbase_Wallet,0x29ea4918b83223f1eec45f242d2d96a293b2fcf3,MATIC,POL,Wallet,$0.17,0.005762,$0.00,POL,True,https://static.debank.com/image/matic_token/logo_url/matic/6f5a6b6f0732a7a235131bd7804d357c.png,26-06-2025_19-07-40
Coinbase_Wallet,0x29ea4918b83223f1eec45f242d2d96a293b2fcf3,ETH,WETH,Uniswap V3 (Liquidity Pool),"$2,429.92",0.154626,$375.73,Wrapped Ether,True,https://static.debank.com/image/eth_token/logo_url/0xc02aaa39b223fe8d0a0e5c4f27ead9083c756cc2/61844453e63cf81301f845d7864236f6.png,26-06-2025_19-07-40
Coinbase_Wallet,0x29ea4918b83223f1eec45f242d2d96a293b2fcf3,ETH,USDT,Uniswap V3 (Liquidity Pool),$1.00,7.285494,$7.29,Tether USD,True,https://static.debank.com/image/eth_token/logo_url/0xdac17f958d2ee523a2206206994597c13d831ec7/1a1d8a5b89114dc183f42b3d33eb3522.png,26-06-2025_19-07-40
Coinbase_Wallet,0x29ea4918b83223f1eec45f242d2d96a293b2fcf3,ETH,WBTC,Uniswap V3 (Liquidity Pool),"$107,342.50",0.000027,$2.94,Wrapped BTC,True,https://static.debank.com/image/eth_token/logo_url/0x2260fac5e5542a773aa44fbcfedf7c193bc2c599/d3c52e7c7449afa8bd4fad1c93f50d93.png,26-06-2025_19-07-40
Coinbase_Wallet,0x29ea4918b83223f1eec45f242d2d96a293b2fcf3,ETH,cbBTC,Uniswap V3 (Liquidity Pool),"$107,410.07",0.004696,$504.35,Coinbase Wrapped BTC,False,https://static.debank.com/image/eth_token/logo_url/0xcbb7c0000ab88b473b1f5afd9ef808440eed33bf/a4ae837a6ca2fc45f07a74898cc4ba45.png,26-06-2025_19-07-40
Sonic_Farm,0x7ab7528984690d3d8066bac18f38133a0cfba053,BASE,ETH,Wallet,"$2,429.92",0.000000,$0.00,ETH,True,https://static.debank.com/image/coin/logo_url/eth/6443cdccced33e204d90cb723c632917.png,26-06-2025_19-07-40
Sonic_Farm,0x7ab7528984690d3d8066bac18f38133a0cfba053,SONIC,wS,Wallet,$0.30,0.486446,$0.15,Wrapped Sonic,True,https://static.debank.com/image/sonic_token/logo_url/0x039e2fb66102314ce7b64ce5ce3e5183bc94ad38/c4faf4a1f3192ee5dc3184879182d7e3.png,26-06-2025_19-07-40
Sonic_Farm,0x7ab7528984690d3d8066bac18f38133a0cfba053,SONIC,SHADOW,Wallet,$21.97,0.000293,$0.01,Shadow,True,https://static.debank.com/image/sonic_token/logo_url/0x3333b97138d4b086720b5ae8a7844b1345a33333/72eb44fe5e33b375362d5256423b5293.png,26-06-2025_19-07-40
Sonic_Farm,0x7ab7528984690d3d8066bac18f38133a0cfba053,SONIC,xSHADOW,Wallet,$21.97,0.004582,$0.10,xShadow,True,https://static.debank.com/image/sonic_token/logo_url/0x5050bc082ff4a74fb6b0b04385defddb114b2424/002d21b0496b2364071c75c3028b5183.png,26-06-2025_19-07-40
Sonic_Farm,0x7ab7528984690d3d8066bac18f38133a0cfba053,SONIC,GEMS,Wallet,$18.71,0.000806,$0.02,Shadow Wrapped Gems,True,https://static.debank.com/image/sonic_token/logo_url/0x5555b2733602ded58d47b8d3d989e631cbee5555/e6b58dd1e32c3201822ace8e1fba8758.png,26-06-2025_19-07-40
Sonic_Farm,0x7ab7528984690d3d8066bac18f38133a0cfba053,SONIC,RUGGIE,Wallet,$0.00,31.794226,$0.00,Ruggie's Pizza,True,https://static.debank.com/image/sonic_token/logo_url/0xb2a909b8bcce9b30bbc9d4c748fd897d6ad9c285/084f3f6c69be11204f5192c4374a6891.png,26-06-2025_19-07-40
Sonic_Farm,0x7ab7528984690d3d8066bac18f38133a0cfba053,SONIC,ROME,Wallet,$0.23,0.010713,$0.00,Rome,True,https://static.debank.com/image/sonic_token/logo_url/0xc8449e006c5cb61959168f273c3e17fb8d2cd75e/83611c1cc22e2b4188d5e3073d1b9fe4.png,26-06-2025_19-07-40
Sonic_Farm,0x7ab7528984690d3d8066bac18f38133a0cfba053,SONIC,S,Wallet,$0.30,6.379014,$1.93,S,True,https://static.debank.com/image/sonic_token/logo_url/sonic/17d88e82ee2f7243922c0f2d3de580ce.png,26-06-2025_19-07-40
Sonic_Farm,0x7ab7528984690d3d8066bac18f38133a0cfba053,SONIC,USDC,Aave V3 (Lending),$1.00,0.000001,$0.00,USDC,True,https://static.debank.com/image/coin/logo_url/usdc/e87790bfe0b3f2ea855dc29069b38818.png,26-06-2025_19-07-40
Sonic_Farm,0x7ab7528984690d3d8066bac18f38133a0cfba053,SONIC,SHADOW,Shadow Exchange (Vesting),$21.97,0.246414,$5.41,Shadow,True,https://static.debank.com/image/sonic_token/logo_url/0x3333b97138d4b086720b5ae8a7844b1345a33333/72eb44fe5e33b375362d5256423b5293.png,26-06-2025_19-07-40
ZYF_AI,0x2463cc0b87dfc7d563b5f4fee294c49fe0603c62,SONIC,USDC,Wallet,$1.00,0.000002,$0.00,USDC,True,https://static.debank.com/image/coin/logo_url/usdc/e87790bfe0b3f2ea855dc29069b38818.png,26-06-2025_19-07-40
ZYF_AI,0x2463cc0b87dfc7d563b5f4fee294c49fe0603c62,BASE,USDC,Morpho (Yield),$1.00,200.484375,$200.42,USD Coin,True,https://static.debank.com/image/eth_token/logo_url/0xa0b86991c6218b36c1d19d4a2e9eb0ce3606eb48/fffcd27b9efff5a86ab942084c05924d.png,26-06-2025_19-07-40
ZYF_AI,0x2463cc0b87dfc7d563b5f4fee294c49fe0603c62,SONIC,SILO,Silo (Rewards),$0.04,1.337635,$0.06,Silo Token,False,https://static.debank.com/image/project/logo_url/arb_silo/70cd780f68c001aa0d9543d596db5601.png,26-06-2025_19-07-40
ZYF_AI,0x2463cc0b87dfc7d563b5f4fee294c49fe0603c62,SONIC,SILO,Silo (Rewards),$0.04,0.106403,$0.00,Silo Token,False,https://static.debank.com/image/project/logo_url/arb_silo/70cd780f68c001aa0d9543d596db5601.png,26-06-2025_19-07-40
ZYF_AI,0x2463cc0b87dfc7d563b5f4fee294c49fe0603c62,SONIC,USDC,Silo (Yield),$1.00,254.397397,$254.32,USDC,True,https://static.debank.com/image/coin/logo_url/usdc/e87790bfe0b3f2ea855dc29069b38818.png,26-06-2025_19-07-40
Old_Wallet,0x3656ff4c11c4c8b4b77402faab8b3387e36f2e77,ARB,ETH,Wallet,"$2,428.92",0.000004,$0.01,ETH,True,https://static.debank.com/image/coin/logo_url/eth/6443cdccced33e204d90cb723c632917.png,26-06-2025_19-09-34
Old_Wallet,0x3656ff4c11c4c8b4b77402faab8b3387e36f2e77,SONIC,wS,Wallet,$0.30,0.027581,$0.01,Wrapped Sonic,True,https://static.debank.com/image/sonic_token/logo_url/0x039e2fb66102314ce7b64ce5ce3e5183bc94ad38/c4faf4a1f3192ee5dc3184879182d7e3.png,26-06-2025_19-09-34
Old_Wallet,0x3656ff4c11c4c8b4b77402faab8b3387e36f2e77,SONIC,x33,Wallet,$26.35,0.000331,$0.01,Shadow Liquid Staking Token,True,https://static.debank.com/image/sonic_token/logo_url/0x3333111a391cc08fa51353e9195526a70b333333/9ae56fcfd53c88cef83625c49b8ade30.png,26-06-2025_19-09-34
Old_Wallet,0x3656ff4c11c4c8b4b77402faab8b3387e36f2e77,SONIC,S,Wallet,$0.30,0.004545,$0.00,S,True,https://static.debank.com/image/sonic_token/logo_url/sonic/17d88e82ee2f7243922c0f2d3de580ce.png,26-06-2025_19-09-34
Old_Wallet,0x3656ff4c11c4c8b4b77402faab8b3387e36f2e77,SONIC,wS,Merkl (Rewards),$0.30,0.002559,$0.00,Wrapped Sonic,True,https://static.debank.com/image/sonic_token/logo_url/0x039e2fb66102314ce7b64ce5ce3e5183bc94ad38/c4faf4a1f3192ee5dc3184879182d7e3.png,26-06-2025_19-09-34
Old_Wallet,0x3656ff4c11c4c8b4b77402faab8b3387e36f2e77,SONIC,LBTC,Rings (Yield),"$107,353.63",0.000000,$0.00,Lombard Staked Bitcoin,False,https://static.debank.com/image/corn_token/logo_url/0xecac9c5f704e954931349da37f60e39f515c11c1/fb1b1e3acbf982e46618edc9e4fa09b7.png,26-06-2025_19-09-34
Old_Wallet,0x3656ff4c11c4c8b4b77402faab8b3387e36f2e77,SONIC,USDC,Shadow Exchange (Rewards),$1.00,0.011767,$0.01,USDC,True,https://static.debank.com/image/coin/logo_url/usdc/e87790bfe0b3f2ea855dc29069b38818.png,26-06-2025_19-09-34
Main_Wallet,0x5a2ccb5b0a4dc5b7ca9c0768e6e2082be7bc6229,ARB,ETH,Wallet,"$2,428.92",0.000438,$1.06,ETH,True,https://static.debank.com/image/coin/logo_url/eth/6443cdccced33e204d90cb723c632917.png,26-06-2025_19-09-34
Main_Wallet,0x5a2ccb5b0a4dc5b7ca9c0768e6e2082be7bc6229,BSC,BNB,Wallet,$647.20,0.044813,$29.00,BNB,True,https://static.debank.com/image/coin/logo_url/bnb/9784283a36f23a58982fc964574ea530.png,26-06-2025_19-09-34
Main_Wallet,0x5a2ccb5b0a4dc5b7ca9c0768e6e2082be7bc6229,BSC,BTCB,Wallet,"$107,377.88",0.000582,$62.52,BTCB Token,True,https://static.debank.com/image/bsc_token/logo_url/0x7130d2a12b9bcbfae4f2634d864a1ee1ce3ead9c/6f9302fa889419e4ce8745931d2e19bf.png,26-06-2025_19-09-34
Main_Wallet,0x5a2ccb5b0a4dc5b7ca9c0768e6e2082be7bc6229,ETH,ETH,Wallet,"$2,428.92",0.018736,$45.51,ETH,True,https://static.debank.com/image/coin/logo_url/eth/6443cdccced33e204d90cb723c632917.png,26-06-2025_19-09-34
Main_Wallet,0x5a2ccb5b0a4dc5b7ca9c0768e6e2082be7bc6229,BASE,ETH,Wallet,"$2,428.92",0.000217,$0.53,ETH,True,https://static.debank.com/image/coin/logo_url/eth/6443cdccced33e204d90cb723c632917.png,26-06-2025_19-09-34
Main_Wallet,0x5a2ccb5b0a4dc5b7ca9c0768e6e2082be7bc6229,ARB,USDC,Peapods Finance V2 (Lending),$1.00,428.850135,$428.72,USD Coin,True,https://static.debank.com/image/arb_token/logo_url/0xaf88d065e77c8cc2239327c5edb3a432268e5831/fffcd27b9efff5a86ab942084c05924d.png,26-06-2025_19-09-34
Main_Wallet,0x5a2ccb5b0a4dc5b7ca9c0768e6e2082be7bc6229,ETH,USDC,Notional (Lending),$1.00,99.944144,$99.91,USD Coin,True,https://static.debank.com/image/eth_token/logo_url/0xa0b86991c6218b36c1d19d4a2e9eb0ce3606eb48/fffcd27b9efff5a86ab942084c05924d.png,26-06-2025_19-09-34
Main_Wallet,0x5a2ccb5b0a4dc5b7ca9c0768e6e2082be7bc6229,ETH,NOTE,Notional (Lending),$0.02,19.993581,$0.46,Notional,True,https://static.debank.com/image/eth_token/logo_url/0xcfeaead4947f0705a14ec42ac3d44129e1ef3ed5/ebf0bbcfaf39b581a04aacbc502101a4.png,26-06-2025_19-09-34
Coinbase_Wallet,0x29ea4918b83223f1eec45f242d2d96a293b2fcf3,ARB,ETH,Wallet,"$2,428.92",0.000144,$0.35,ETH,True,https://static.debank.com/image/coin/logo_url/eth/6443cdccced33e204d90cb723c632917.png,26-06-2025_19-09-34
Coinbase_Wallet,0x29ea4918b83223f1eec45f242d2d96a293b2fcf3,ETH,WETH,Wallet,"$2,428.92",0.002465,$5.99,Wrapped Ether,True,https://static.debank.com/image/eth_token/logo_url/0xc02aaa39b223fe8d0a0e5c4f27ead9083c756cc2/61844453e63cf81301f845d7864236f6.png,26-06-2025_19-09-34
Coinbase_Wallet,0x29ea4918b83223f1eec45f242d2d96a293b2fcf3,ETH,ETH,Wallet,"$2,428.92",0.002814,$6.83,ETH,True,https://static.debank.com/image/coin/logo_url/eth/6443cdccced33e204d90cb723c632917.png,26-06-2025_19-09-34
Coinbase_Wallet,0x29ea4918b83223f1eec45f242d2d96a293b2fcf3,BASE,WETH,Wallet,"$2,428.92",0.007470,$18.14,Wrapped Ether,True,https://static.debank.com/image/eth_token/logo_url/0xc02aaa39b223fe8d0a0e5c4f27ead9083c756cc2/61844453e63cf81301f845d7864236f6.png,26-06-2025_19-09-34
Coinbase_Wallet,0x29ea4918b83223f1eec45f242d2d96a293b2fcf3,BASE,USDC,Wallet,$1.00,0.000399,$0.00,USD Coin,True,https://static.debank.com/image/eth_token/logo_url/0xa0b86991c6218b36c1d19d4a2e9eb0ce3606eb48/fffcd27b9efff5a86ab942084c05924d.png,26-06-2025_19-09-34
Coinbase_Wallet,0x29ea4918b83223f1eec45f242d2d96a293b2fcf3,BASE,GOOFS,Wallet,$0.00,1.000000,$0.00,Goofs World,True,https://static.debank.com/image/base_token/logo_url/0x8e5c04f82d6464b420e2018362e7e7ab813cf190/d77975b1e290f3738bc137451be6f63a.png,26-06-2025_19-09-34
Coinbase_Wallet,0x29ea4918b83223f1eec45f242d2d96a293b2fcf3,BASE,SWOL,Wallet,$0.00,200.000000,$0.01,Snowy Owl,True,https://static.debank.com/image/base_token/logo_url/0xa1ca6299ba48366af1845a9a8ae59b87ff0d5c01/eaeaea0ff9833e627b52647c886b5deb.png,26-06-2025_19-09-34
Coinbase_Wallet,0x29ea4918b83223f1eec45f242d2d96a293b2fcf3,BASE,ETH,Wallet,"$2,428.92",0.000007,$0.02,ETH,True,https://static.debank.com/image/coin/logo_url/eth/6443cdccced33e204d90cb723c632917.png,26-06-2025_19-09-34
Coinbase_Wallet,0x29ea4918b83223f1eec45f242d2d96a293b2fcf3,MATIC,POL,Wallet,$0.17,0.005762,$0.00,POL,True,https://static.debank.com/image/matic_token/logo_url/matic/6f5a6b6f0732a7a235131bd7804d357c.png,26-06-2025_19-09-34
Coinbase_Wallet,0x29ea4918b83223f1eec45f242d2d96a293b2fcf3,ETH,WETH,Uniswap V3 (Liquidity Pool),"$2,428.92",0.154626,$375.58,Wrapped Ether,True,https://static.debank.com/image/eth_token/logo_url/0xc02aaa39b223fe8d0a0e5c4f27ead9083c756cc2/61844453e63cf81301f845d7864236f6.png,26-06-2025_19-09-34
Coinbase_Wallet,0x29ea4918b83223f1eec45f242d2d96a293b2fcf3,ETH,USDT,Uniswap V3 (Liquidity Pool),$1.00,7.285494,$7.29,Tether USD,True,https://static.debank.com/image/eth_token/logo_url/0xdac17f958d2ee523a2206206994597c13d831ec7/1a1d8a5b89114dc183f42b3d33eb3522.png,26-06-2025_19-09-34
Coinbase_Wallet,0x29ea4918b83223f1eec45f242d2d96a293b2fcf3,ETH,WBTC,Uniswap V3 (Liquidity Pool),"$107,353.63",0.000027,$2.94,Wrapped BTC,True,https://static.debank.com/image/eth_token/logo_url/0x2260fac5e5542a773aa44fbcfedf7c193bc2c599/d3c52e7c7449afa8bd4fad1c93f50d93.png,26-06-2025_19-09-34
Coinbase_Wallet,0x29ea4918b83223f1eec45f242d2d96a293b2fcf3,ETH,cbBTC,Uniswap V3 (Liquidity Pool),"$107,410.07",0.004696,$504.35,Coinbase Wrapped BTC,False,https://static.debank.com/image/eth_token/logo_url/0xcbb7c0000ab88b473b1f5afd9ef808440eed33bf/a4ae837a6ca2fc45f07a74898cc4ba45.png,26-06-2025_19-09-34
Sonic_Farm,0x7ab7528984690d3d8066bac18f38133a0cfba053,BASE,ETH,Wallet,"$2,429.19",0.000000,$0.00,ETH,True,https://static.debank.com/image/coin/logo_url/eth/6443cdccced33e204d90cb723c632917.png,26-06-2025_19-09-34
Sonic_Farm,0x7ab7528984690d3d8066bac18f38133a0cfba053,SONIC,wS,Wallet,$0.30,0.486446,$0.15,Wrapped Sonic,True,https://static.debank.com/image/sonic_token/logo_url/0x039e2fb66102314ce7b64ce5ce3e5183bc94ad38/c4faf4a1f3192ee5dc3184879182d7e3.png,26-06-2025_19-09-34
Sonic_Farm,0x7ab7528984690d3d8066bac18f38133a0cfba053,SONIC,SHADOW,Wallet,$21.97,0.000293,$0.01,Shadow,True,https://static.debank.com/image/sonic_token/logo_url/0x3333b97138d4b086720b5ae8a7844b1345a33333/72eb44fe5e33b375362d5256423b5293.png,26-06-2025_19-09-34
Sonic_Farm,0x7ab7528984690d3d8066bac18f38133a0cfba053,SONIC,xSHADOW,Wallet,$21.97,0.004582,$0.10,xShadow,True,https://static.debank.com/image/sonic_token/logo_url/0x5050bc082ff4a74fb6b0b04385defddb114b2424/002d21b0496b2364071c75c3028b5183.png,26-06-2025_19-09-34
Sonic_Farm,0x7ab7528984690d3d8066bac18f38133a0cfba053,SONIC,GEMS,Wallet,$18.71,0.000806,$0.02,Shadow Wrapped Gems,True,https://static.debank.com/image/sonic_token/logo_url/0x5555b2733602ded58d47b8d3d989e631cbee5555/e6b58dd1e32c3201822ace8e1fba8758.png,26-06-2025_19-09-34
Sonic_Farm,0x7ab7528984690d3d8066bac18f38133a0cfba053,SONIC,RUGGIE,Wallet,$0.00,31.794226,$0.00,Ruggie's Pizza,True,https://static.debank.com/image/sonic_token/logo_url/0xb2a909b8bcce9b30bbc9d4c748fd897d6ad9c285/084f3f6c69be11204f5192c4374a6891.png,26-06-2025_19-09-34
Sonic_Farm,0x7ab7528984690d3d8066bac18f38133a0cfba053,SONIC,ROME,Wallet,$0.23,0.010713,$0.00,Rome,True,https://static.debank.com/image/sonic_token/logo_url/0xc8449e006c5cb61959168f273c3e17fb8d2cd75e/83611c1cc22e2b4188d5e3073d1b9fe4.png,26-06-2025_19-09-34
Sonic_Farm,0x7ab7528984690d3d8066bac18f38133a0cfba053,SONIC,S,Wallet,$0.30,6.379014,$1.92,S,True,https://static.debank.com/image/sonic_token/logo_url/sonic/17d88e82ee2f7243922c0f2d3de580ce.png,26-06-2025_19-09-34
Sonic_Farm,0x7ab7528984690d3d8066bac18f38133a0cfba053,SONIC,USDC,Aave V3 (Lending),$1.00,0.000001,$0.00,USDC,True,https://static.debank.com/image/coin/logo_url/usdc/e87790bfe0b3f2ea855dc29069b38818.png,26-06-2025_19-09-34
Sonic_Farm,0x7ab7528984690d3d8066bac18f38133a0cfba053,SONIC,SHADOW,Shadow Exchange (Vesting),$21.97,0.246414,$5.41,Shadow,True,https://static.debank.com/image/sonic_token/logo_url/0x3333b97138d4b086720b5ae8a7844b1345a33333/72eb44fe5e33b375362d5256423b5293.png,26-06-2025_19-09-34
ZYF_AI,0x2463cc0b87dfc7d563b5f4fee294c49fe0603c62,SONIC,USDC,Wallet,$1.00,0.000002,$0.00,USDC,True,https://static.debank.com/image/coin/logo_url/usdc/e87790bfe0b3f2ea855dc29069b38818.png,26-06-2025_19-09-34
ZYF_AI,0x2463cc0b87dfc7d563b5f4fee294c49fe0603c62,BASE,USDC,Morpho (Yield),$1.00,200.484375,$200.42,USD Coin,True,https://static.debank.com/image/eth_token/logo_url/0xa0b86991c6218b36c1d19d4a2e9eb0ce3606eb48/fffcd27b9efff5a86ab942084c05924d.png,26-06-2025_19-09-34
ZYF_AI,0x2463cc0b87dfc7d563b5f4fee294c49fe0603c62,SONIC,SILO,Silo (Rewards),$0.04,1.337635,$0.06,Silo Token,False,https://static.debank.com/image/project/logo_url/arb_silo/70cd780f68c001aa0d9543d596db5601.png,26-06-2025_19-09-34
ZYF_AI,0x2463cc0b87dfc7d563b5f4fee294c49fe0603c62,SONIC,SILO,Silo (Rewards),$0.04,0.106403,$0.00,Silo Token,False,https://static.debank.com/image/project/logo_url/arb_silo/70cd780f68c001aa0d9543d596db5601.png,26-06-2025_19-09-34
ZYF_AI,0x2463cc0b87dfc7d563b5f4fee294c49fe0603c62,SONIC,USDC,Silo (Yield),$1.00,254.397397,$254.32,USDC,True,https://static.debank.com/image/coin/logo_url/usdc/e87790bfe0b3f2ea855dc29069b38818.png,26-06-2025_19-09-34
Old_Wallet,0x3656ff4c11c4c8b4b77402faab8b3387e36f2e77,ARB,ETH,Wallet,"$2,423.04",0.000004,$0.01,ETH,True,https://static.debank.com/image/coin/logo_url/eth/6443cdccced33e204d90cb723c632917.png,26-06-2025_19-26-58
Old_Wallet,0x3656ff4c11c4c8b4b77402faab8b3387e36f2e77,SONIC,wS,Wallet,$0.30,0.027581,$0.01,Wrapped Sonic,True,https://static.debank.com/image/sonic_token/logo_url/0x039e2fb66102314ce7b64ce5ce3e5183bc94ad38/c4faf4a1f3192ee5dc3184879182d7e3.png,26-06-2025_19-26-58
Old_Wallet,0x3656ff4c11c4c8b4b77402faab8b3387e36f2e77,SONIC,x33,Wallet,$26.05,0.000331,$0.01,Shadow Liquid Staking Token,True,https://static.debank.com/image/sonic_token/logo_url/0x3333111a391cc08fa51353e9195526a70b333333/9ae56fcfd53c88cef83625c49b8ade30.png,26-06-2025_19-26-58
Old_Wallet,0x3656ff4c11c4c8b4b77402faab8b3387e36f2e77,SONIC,S,Wallet,$0.30,0.004545,$0.00,S,True,https://static.debank.com/image/sonic_token/logo_url/sonic/17d88e82ee2f7243922c0f2d3de580ce.png,26-06-2025_19-26-58
Old_Wallet,0x3656ff4c11c4c8b4b77402faab8b3387e36f2e77,SONIC,wS,Merkl (Rewards),$0.30,0.002559,$0.00,Wrapped Sonic,True,https://static.debank.com/image/sonic_token/logo_url/0x039e2fb66102314ce7b64ce5ce3e5183bc94ad38/c4faf4a1f3192ee5dc3184879182d7e3.png,26-06-2025_19-26-58
Old_Wallet,0x3656ff4c11c4c8b4b77402faab8b3387e36f2e77,SONIC,LBTC,Rings (Yield),"$107,285.54",0.000000,$0.00,Lombard Staked Bitcoin,False,https://static.debank.com/image/corn_token/logo_url/0xecac9c5f704e954931349da37f60e39f515c11c1/fb1b1e3acbf982e46618edc9e4fa09b7.png,26-06-2025_19-26-58
Old_Wallet,0x3656ff4c11c4c8b4b77402faab8b3387e36f2e77,SONIC,USDC,Shadow Exchange (Rewards),$1.00,0.011767,$0.01,USDC,True,https://static.debank.com/image/coin/logo_url/usdc/e87790bfe0b3f2ea855dc29069b38818.png,26-06-2025_19-26-58
Main_Wallet,0x5a2ccb5b0a4dc5b7ca9c0768e6e2082be7bc6229,ARB,ETH,Wallet,"$2,424.42",0.000438,$1.06,ETH,True,https://static.debank.com/image/coin/logo_url/eth/6443cdccced33e204d90cb723c632917.png,26-06-2025_19-26-58
Main_Wallet,0x5a2ccb5b0a4dc5b7ca9c0768e6e2082be7bc6229,BSC,BNB,Wallet,$646.50,0.044813,$28.97,BNB,True,https://static.debank.com/image/coin/logo_url/bnb/9784283a36f23a58982fc964574ea530.png,26-06-2025_19-26-58
Main_Wallet,0x5a2ccb5b0a4dc5b7ca9c0768e6e2082be7bc6229,BSC,BTCB,Wallet,"$107,297.99",0.000582,$62.47,BTCB Token,True,https://static.debank.com/image/bsc_token/logo_url/0x7130d2a12b9bcbfae4f2634d864a1ee1ce3ead9c/6f9302fa889419e4ce8745931d2e19bf.png,26-06-2025_19-26-58
Main_Wallet,0x5a2ccb5b0a4dc5b7ca9c0768e6e2082be7bc6229,ETH,ETH,Wallet,"$2,424.42",0.018736,$45.42,ETH,True,https://static.debank.com/image/coin/logo_url/eth/6443cdccced33e204d90cb723c632917.png,26-06-2025_19-26-58
Main_Wallet,0x5a2ccb5b0a4dc5b7ca9c0768e6e2082be7bc6229,BASE,ETH,Wallet,"$2,424.42",0.000217,$0.53,ETH,True,https://static.debank.com/image/coin/logo_url/eth/6443cdccced33e204d90cb723c632917.png,26-06-2025_19-26-58
Main_Wallet,0x5a2ccb5b0a4dc5b7ca9c0768e6e2082be7bc6229,ARB,USDC,Peapods Finance V2 (Lending),$1.00,428.850135,$428.72,USD Coin,True,https://static.debank.com/image/arb_token/logo_url/0xaf88d065e77c8cc2239327c5edb3a432268e5831/fffcd27b9efff5a86ab942084c05924d.png,26-06-2025_19-26-58
Main_Wallet,0x5a2ccb5b0a4dc5b7ca9c0768e6e2082be7bc6229,ETH,USDC,Notional (Lending),$1.00,99.944144,$99.91,USD Coin,True,https://static.debank.com/image/eth_token/logo_url/0xa0b86991c6218b36c1d19d4a2e9eb0ce3606eb48/fffcd27b9efff5a86ab942084c05924d.png,26-06-2025_19-26-58
Main_Wallet,0x5a2ccb5b0a4dc5b7ca9c0768e6e2082be7bc6229,ETH,NOTE,Notional (Lending),$0.02,19.993581,$0.45,Notional,True,https://static.debank.com/image/eth_token/logo_url/0xcfeaead4947f0705a14ec42ac3d44129e1ef3ed5/ebf0bbcfaf39b581a04aacbc502101a4.png,26-06-2025_19-26-58
Coinbase_Wallet,0x29ea4918b83223f1eec45f242d2d96a293b2fcf3,ARB,ETH,Wallet,"$2,425.30",0.000144,$0.35,ETH,True,https://static.debank.com/image/coin/logo_url/eth/6443cdccced33e204d90cb723c632917.png,26-06-2025_19-26-58
Coinbase_Wallet,0x29ea4918b83223f1eec45f242d2d96a293b2fcf3,ETH,WETH,Wallet,"$2,423.04",0.002465,$5.97,Wrapped Ether,True,https://static.debank.com/image/eth_token/logo_url/0xc02aaa39b223fe8d0a0e5c4f27ead9083c756cc2/61844453e63cf81301f845d7864236f6.png,26-06-2025_19-26-58
Coinbase_Wallet,0x29ea4918b83223f1eec45f242d2d96a293b2fcf3,ETH,ETH,Wallet,"$2,424.42",0.002814,$6.82,ETH,True,https://static.debank.com/image/coin/logo_url/eth/6443cdccced33e204d90cb723c632917.png,26-06-2025_19-26-58
Coinbase_Wallet,0x29ea4918b83223f1eec45f242d2d96a293b2fcf3,BASE,WETH,Wallet,"$2,425.30",0.007470,$18.12,Wrapped Ether,True,https://static.debank.com/image/eth_token/logo_url/0xc02aaa39b223fe8d0a0e5c4f27ead9083c756cc2/61844453e63cf81301f845d7864236f6.png,26-06-2025_19-26-58
Coinbase_Wallet,0x29ea4918b83223f1eec45f242d2d96a293b2fcf3,BASE,USDC,Wallet,$1.00,0.000399,$0.00,USD Coin,True,https://static.debank.com/image/eth_token/logo_url/0xa0b86991c6218b36c1d19d4a2e9eb0ce3606eb48/fffcd27b9efff5a86ab942084c05924d.png,26-06-2025_19-26-58
Coinbase_Wallet,0x29ea4918b83223f1eec45f242d2d96a293b2fcf3,BASE,GOOFS,Wallet,$0.00,1.000000,$0.00,Goofs World,True,https://static.debank.com/image/base_token/logo_url/0x8e5c04f82d6464b420e2018362e7e7ab813cf190/d77975b1e290f3738bc137451be6f63a.png,26-06-2025_19-26-58
Coinbase_Wallet,0x29ea4918b83223f1eec45f242d2d96a293b2fcf3,BASE,SWOL,Wallet,$0.00,200.000000,$0.01,Snowy Owl,True,https://static.debank.com/image/base_token/logo_url/0xa1ca6299ba48366af1845a9a8ae59b87ff0d5c01/eaeaea0ff9833e627b52647c886b5deb.png,26-06-2025_19-26-58
Coinbase_Wallet,0x29ea4918b83223f1eec45f242d2d96a293b2fcf3,BASE,ETH,Wallet,"$2,425.30",0.000007,$0.02,ETH,True,https://static.debank.com/image/coin/logo_url/eth/6443cdccced33e204d90cb723c632917.png,26-06-2025_19-26-58
Coinbase_Wallet,0x29ea4918b83223f1eec45f242d2d96a293b2fcf3,MATIC,POL,Wallet,$0.17,0.005762,$0.00,POL,True,https://static.debank.com/image/matic_token/logo_url/matic/6f5a6b6f0732a7a235131bd7804d357c.png,26-06-2025_19-26-58
Coinbase_Wallet,0x29ea4918b83223f1eec45f242d2d96a293b2fcf3,ETH,WETH,Uniswap V3 (Liquidity Pool),"$2,423.04",0.154626,$374.67,Wrapped Ether,True,https://static.debank.com/image/eth_token/logo_url/0xc02aaa39b223fe8d0a0e5c4f27ead9083c756cc2/61844453e63cf81301f845d7864236f6.png,26-06-2025_19-26-58
Coinbase_Wallet,0x29ea4918b83223f1eec45f242d2d96a293b2fcf3,ETH,USDT,Uniswap V3 (Liquidity Pool),$1.00,7.285494,$7.29,Tether USD,True,https://static.debank.com/image/eth_token/logo_url/0xdac17f958d2ee523a2206206994597c13d831ec7/1a1d8a5b89114dc183f42b3d33eb3522.png,26-06-2025_19-26-58
Coinbase_Wallet,0x29ea4918b83223f1eec45f242d2d96a293b2fcf3,ETH,WBTC,Uniswap V3 (Liquidity Pool),"$107,317.40",0.000027,$2.94,Wrapped BTC,True,https://static.debank.com/image/eth_token/logo_url/0x2260fac5e5542a773aa44fbcfedf7c193bc2c599/d3c52e7c7449afa8bd4fad1c93f50d93.png,26-06-2025_19-26-58
Coinbase_Wallet,0x29ea4918b83223f1eec45f242d2d96a293b2fcf3,ETH,cbBTC,Uniswap V3 (Liquidity Pool),"$107,441.74",0.004696,$504.50,Coinbase Wrapped BTC,False,https://static.debank.com/image/eth_token/logo_url/0xcbb7c0000ab88b473b1f5afd9ef808440eed33bf/a4ae837a6ca2fc45f07a74898cc4ba45.png,26-06-2025_19-26-58
Sonic_Farm,0x7ab7528984690d3d8066bac18f38133a0cfba053,BASE,ETH,Wallet,"$2,425.30",0.000000,$0.00,ETH,True,https://static.debank.com/image/coin/logo_url/eth/6443cdccced33e204d90cb723c632917.png,26-06-2025_19-26-58
Sonic_Farm,0x7ab7528984690d3d8066bac18f38133a0cfba053,SONIC,wS,Wallet,$0.30,0.486446,$0.15,Wrapped Sonic,True,https://static.debank.com/image/sonic_token/logo_url/0x039e2fb66102314ce7b64ce5ce3e5183bc94ad38/c4faf4a1f3192ee5dc3184879182d7e3.png,26-06-2025_19-26-58
Sonic_Farm,0x7ab7528984690d3d8066bac18f38133a0cfba053,SONIC,SHADOW,Wallet,$21.72,0.000293,$0.01,Shadow,True,https://static.debank.com/image/sonic_token/logo_url/0x3333b97138d4b086720b5ae8a7844b1345a33333/72eb44fe5e33b375362d5256423b5293.png,26-06-2025_19-26-58
Sonic_Farm,0x7ab7528984690d3d8066bac18f38133a0cfba053,SONIC,xSHADOW,Wallet,$21.72,0.004582,$0.10,xShadow,True,https://static.debank.com/image/sonic_token/logo_url/0x5050bc082ff4a74fb6b0b04385defddb114b2424/002d21b0496b2364071c75c3028b5183.png,26-06-2025_19-26-58
Sonic_Farm,0x7ab7528984690d3d8066bac18f38133a0cfba053,SONIC,GEMS,Wallet,$18.58,0.000806,$0.01,Shadow Wrapped Gems,True,https://static.debank.com/image/sonic_token/logo_url/0x5555b2733602ded58d47b8d3d989e631cbee5555/e6b58dd1e32c3201822ace8e1fba8758.png,26-06-2025_19-26-58
Sonic_Farm,0x7ab7528984690d3d8066bac18f38133a0cfba053,SONIC,RUGGIE,Wallet,$0.00,31.794226,$0.00,Ruggie's Pizza,True,https://static.debank.com/image/sonic_token/logo_url/0xb2a909b8bcce9b30bbc9d4c748fd897d6ad9c285/084f3f6c69be11204f5192c4374a6891.png,26-06-2025_19-26-58
Sonic_Farm,0x7ab7528984690d3d8066bac18f38133a0cfba053,SONIC,ROME,Wallet,$0.23,0.010713,$0.00,Rome,True,https://static.debank.com/image/sonic_token/logo_url/0xc8449e006c5cb61959168f273c3e17fb8d2cd75e/83611c1cc22e2b4188d5e3073d1b9fe4.png,26-06-2025_19-26-58
Sonic_Farm,0x7ab7528984690d3d8066bac18f38133a0cfba053,SONIC,S,Wallet,$0.30,6.379014,$1.91,S,True,https://static.debank.com/image/sonic_token/logo_url/sonic/17d88e82ee2f7243922c0f2d3de580ce.png,26-06-2025_19-26-58
Sonic_Farm,0x7ab7528984690d3d8066bac18f38133a0cfba053,SONIC,USDC,Aave V3 (Lending),$1.00,0.000001,$0.00,USDC,True,https://static.debank.com/image/coin/logo_url/usdc/e87790bfe0b3f2ea855dc29069b38818.png,26-06-2025_19-26-58
Sonic_Farm,0x7ab7528984690d3d8066bac18f38133a0cfba053,SONIC,SHADOW,Shadow Exchange (Vesting),$21.72,0.246414,$5.35,Shadow,True,https://static.debank.com/image/sonic_token/logo_url/0x3333b97138d4b086720b5ae8a7844b1345a33333/72eb44fe5e33b375362d5256423b5293.png,26-06-2025_19-26-58
ZYF_AI,0x2463cc0b87dfc7d563b5f4fee294c49fe0603c62,SONIC,USDC,Wallet,$1.00,0.000002,$0.00,USDC,True,https://static.debank.com/image/coin/logo_url/usdc/e87790bfe0b3f2ea855dc29069b38818.png,26-06-2025_19-26-58
ZYF_AI,0x2463cc0b87dfc7d563b5f4fee294c49fe0603c62,BASE,USDC,Morpho (Yield),$1.00,200.484375,$200.42,USD Coin,True,https://static.debank.com/image/eth_token/logo_url/0xa0b86991c6218b36c1d19d4a2e9eb0ce3606eb48/fffcd27b9efff5a86ab942084c05924d.png,26-06-2025_19-26-58
ZYF_AI,0x2463cc0b87dfc7d563b5f4fee294c49fe0603c62,SONIC,SILO,Silo (Rewards),$0.04,1.337652,$0.06,Silo Token,False,https://static.debank.com/image/project/logo_url/arb_silo/70cd780f68c001aa0d9543d596db5601.png,26-06-2025_19-26-58
ZYF_AI,0x2463cc0b87dfc7d563b5f4fee294c49fe0603c62,SONIC,SILO,Silo (Rewards),$0.04,0.106404,$0.00,Silo Token,False,https://static.debank.com/image/project/logo_url/arb_silo/70cd780f68c001aa0d9543d596db5601.png,26-06-2025_19-26-58
ZYF_AI,0x2463cc0b87dfc7d563b5f4fee294c49fe0603c62,SONIC,USDC,Silo (Yield),$1.00,254.397397,$254.32,USDC,True,https://static.debank.com/image/coin/logo_url/usdc/e87790bfe0b3f2ea855dc29069b38818.png,26-06-2025_19-26-58
Old_Wallet,0x3656ff4c11c4c8b4b77402faab8b3387e36f2e77,ARB,ETH,Wallet,"$2,431.86",0.000004,$0.01,ETH,True,https://static.debank.com/image/coin/logo_url/eth/6443cdccced33e204d90cb723c632917.png,26-06-2025_20-15-30
Old_Wallet,0x3656ff4c11c4c8b4b77402faab8b3387e36f2e77,SONIC,wS,Wallet,$0.30,0.027581,$0.01,Wrapped Sonic,True,https://static.debank.com/image/sonic_token/logo_url/0x039e2fb66102314ce7b64ce5ce3e5183bc94ad38/c4faf4a1f3192ee5dc3184879182d7e3.png,26-06-2025_20-15-30
Old_Wallet,0x3656ff4c11c4c8b4b77402faab8b3387e36f2e77,SONIC,x33,Wallet,$26.17,0.000331,$0.01,Shadow Liquid Staking Token,True,https://static.debank.com/image/sonic_token/logo_url/0x3333111a391cc08fa51353e9195526a70b333333/9ae56fcfd53c88cef83625c49b8ade30.png,26-06-2025_20-15-30
Old_Wallet,0x3656ff4c11c4c8b4b77402faab8b3387e36f2e77,SONIC,S,Wallet,$0.30,0.004545,$0.00,S,True,https://static.debank.com/image/sonic_token/logo_url/sonic/17d88e82ee2f7243922c0f2d3de580ce.png,26-06-2025_20-15-30
Old_Wallet,0x3656ff4c11c4c8b4b77402faab8b3387e36f2e77,SONIC,wS,Merkl (Rewards),$0.30,0.002559,$0.00,Wrapped Sonic,True,https://static.debank.com/image/sonic_token/logo_url/0x039e2fb66102314ce7b64ce5ce3e5183bc94ad38/c4faf4a1f3192ee5dc3184879182d7e3.png,26-06-2025_20-15-30
Old_Wallet,0x3656ff4c11c4c8b4b77402faab8b3387e36f2e77,SONIC,LBTC,Rings (Yield),"$107,540.01",0.000000,$0.00,Lombard Staked Bitcoin,False,https://static.debank.com/image/corn_token/logo_url/0xecac9c5f704e954931349da37f60e39f515c11c1/fb1b1e3acbf982e46618edc9e4fa09b7.png,26-06-2025_20-15-30
Old_Wallet,0x3656ff4c11c4c8b4b77402faab8b3387e36f2e77,SONIC,USDC,Shadow Exchange (Rewards),$1.00,0.011767,$0.01,USDC,True,https://static.debank.com/image/coin/logo_url/usdc/e87790bfe0b3f2ea855dc29069b38818.png,26-06-2025_20-15-30
Main_Wallet,0x5a2ccb5b0a4dc5b7ca9c0768e6e2082be7bc6229,ARB,ETH,Wallet,"$2,431.86",0.000438,$1.06,ETH,True,https://static.debank.com/image/coin/logo_url/eth/6443cdccced33e204d90cb723c632917.png,26-06-2025_20-15-30
Main_Wallet,0x5a2ccb5b0a4dc5b7ca9c0768e6e2082be7bc6229,BSC,BNB,Wallet,$646.90,0.044813,$28.99,BNB,True,https://static.debank.com/image/coin/logo_url/bnb/9784283a36f23a58982fc964574ea530.png,26-06-2025_20-15-30
Main_Wallet,0x5a2ccb5b0a4dc5b7ca9c0768e6e2082be7bc6229,BSC,BTCB,Wallet,"$107,569.84",0.000582,$62.63,BTCB Token,True,https://static.debank.com/image/bsc_token/logo_url/0x7130d2a12b9bcbfae4f2634d864a1ee1ce3ead9c/6f9302fa889419e4ce8745931d2e19bf.png,26-06-2025_20-15-30
Main_Wallet,0x5a2ccb5b0a4dc5b7ca9c0768e6e2082be7bc6229,ETH,ETH,Wallet,"$2,431.86",0.018736,$45.56,ETH,True,https://static.debank.com/image/coin/logo_url/eth/6443cdccced33e204d90cb723c632917.png,26-06-2025_20-15-30
Main_Wallet,0x5a2ccb5b0a4dc5b7ca9c0768e6e2082be7bc6229,BASE,ETH,Wallet,"$2,431.86",0.000217,$0.53,ETH,True,https://static.debank.com/image/coin/logo_url/eth/6443cdccced33e204d90cb723c632917.png,26-06-2025_20-15-30
Main_Wallet,0x5a2ccb5b0a4dc5b7ca9c0768e6e2082be7bc6229,ARB,USDC,Peapods Finance V2 (Lending),$1.00,428.850135,$428.72,USD Coin,True,https://static.debank.com/image/arb_token/logo_url/0xaf88d065e77c8cc2239327c5edb3a432268e5831/fffcd27b9efff5a86ab942084c05924d.png,26-06-2025_20-15-30
Main_Wallet,0x5a2ccb5b0a4dc5b7ca9c0768e6e2082be7bc6229,ETH,USDC,Notional (Lending),$1.00,99.944144,$99.91,USD Coin,True,https://static.debank.com/image/eth_token/logo_url/0xa0b86991c6218b36c1d19d4a2e9eb0ce3606eb48/fffcd27b9efff5a86ab942084c05924d.png,26-06-2025_20-15-30
Main_Wallet,0x5a2ccb5b0a4dc5b7ca9c0768e6e2082be7bc6229,ETH,NOTE,Notional (Lending),$0.02,19.993581,$0.45,Notional,True,https://static.debank.com/image/eth_token/logo_url/0xcfeaead4947f0705a14ec42ac3d44129e1ef3ed5/ebf0bbcfaf39b581a04aacbc502101a4.png,26-06-2025_20-15-30
Coinbase_Wallet,0x29ea4918b83223f1eec45f242d2d96a293b2fcf3,ARB,ETH,Wallet,"$2,432.31",0.000144,$0.35,ETH,True,https://static.debank.com/image/coin/logo_url/eth/6443cdccced33e204d90cb723c632917.png,26-06-2025_20-15-30
Coinbase_Wallet,0x29ea4918b83223f1eec45f242d2d96a293b2fcf3,ETH,WETH,Wallet,"$2,432.31",0.002465,$6.00,Wrapped Ether,True,https://static.debank.com/image/eth_token/logo_url/0xc02aaa39b223fe8d0a0e5c4f27ead9083c756cc2/61844453e63cf81301f845d7864236f6.png,26-06-2025_20-15-30
Coinbase_Wallet,0x29ea4918b83223f1eec45f242d2d96a293b2fcf3,ETH,ETH,Wallet,"$2,432.31",0.002814,$6.84,ETH,True,https://static.debank.com/image/coin/logo_url/eth/6443cdccced33e204d90cb723c632917.png,26-06-2025_20-15-30
Coinbase_Wallet,0x29ea4918b83223f1eec45f242d2d96a293b2fcf3,BASE,WETH,Wallet,"$2,432.31",0.007470,$18.17,Wrapped Ether,True,https://static.debank.com/image/eth_token/logo_url/0xc02aaa39b223fe8d0a0e5c4f27ead9083c756cc2/61844453e63cf81301f845d7864236f6.png,26-06-2025_20-15-30
Coinbase_Wallet,0x29ea4918b83223f1eec45f242d2d96a293b2fcf3,BASE,USDC,Wallet,$1.00,0.000399,$0.00,USD Coin,True,https://static.debank.com/image/eth_token/logo_url/0xa0b86991c6218b36c1d19d4a2e9eb0ce3606eb48/fffcd27b9efff5a86ab942084c05924d.png,26-06-2025_20-15-30
Coinbase_Wallet,0x29ea4918b83223f1eec45f242d2d96a293b2fcf3,BASE,GOOFS,Wallet,$0.00,1.000000,$0.00,Goofs World,True,https://static.debank.com/image/base_token/logo_url/0x8e5c04f82d6464b420e2018362e7e7ab813cf190/d77975b1e290f3738bc137451be6f63a.png,26-06-2025_20-15-30
Coinbase_Wallet,0x29ea4918b83223f1eec45f242d2d96a293b2fcf3,BASE,SWOL,Wallet,$0.00,200.000000,$0.01,Snowy Owl,True,https://static.debank.com/image/base_token/logo_url/0xa1ca6299ba48366af1845a9a8ae59b87ff0d5c01/eaeaea0ff9833e627b52647c886b5deb.png,26-06-2025_20-15-30
Coinbase_Wallet,0x29ea4918b83223f1eec45f242d2d96a293b2fcf3,BASE,ETH,Wallet,"$2,432.31",0.000007,$0.02,ETH,True,https://static.debank.com/image/coin/logo_url/eth/6443cdccced33e204d90cb723c632917.png,26-06-2025_20-15-30
Coinbase_Wallet,0x29ea4918b83223f1eec45f242d2d96a293b2fcf3,MATIC,POL,Wallet,$0.17,0.005762,$0.00,POL,True,https://static.debank.com/image/matic_token/logo_url/matic/6f5a6b6f0732a7a235131bd7804d357c.png,26-06-2025_20-15-30
Coinbase_Wallet,0x29ea4918b83223f1eec45f242d2d96a293b2fcf3,ETH,WETH,Uniswap V3 (Liquidity Pool),"$2,432.31",0.154626,$376.10,Wrapped Ether,True,https://static.debank.com/image/eth_token/logo_url/0xc02aaa39b223fe8d0a0e5c4f27ead9083c756cc2/61844453e63cf81301f845d7864236f6.png,26-06-2025_20-15-30
Coinbase_Wallet,0x29ea4918b83223f1eec45f242d2d96a293b2fcf3,ETH,USDT,Uniswap V3 (Liquidity Pool),$1.00,7.285494,$7.29,Tether USD,True,https://static.debank.com/image/eth_token/logo_url/0xdac17f958d2ee523a2206206994597c13d831ec7/1a1d8a5b89114dc183f42b3d33eb3522.png,26-06-2025_20-15-30
Coinbase_Wallet,0x29ea4918b83223f1eec45f242d2d96a293b2fcf3,ETH,WBTC,Uniswap V3 (Liquidity Pool),"$107,568.35",0.000027,$2.95,Wrapped BTC,True,https://static.debank.com/image/eth_token/logo_url/0x2260fac5e5542a773aa44fbcfedf7c193bc2c599/d3c52e7c7449afa8bd4fad1c93f50d93.png,26-06-2025_20-15-30
Coinbase_Wallet,0x29ea4918b83223f1eec45f242d2d96a293b2fcf3,ETH,cbBTC,Uniswap V3 (Liquidity Pool),"$107,657.93",0.004696,$505.52,Coinbase Wrapped BTC,False,https://static.debank.com/image/eth_token/logo_url/0xcbb7c0000ab88b473b1f5afd9ef808440eed33bf/a4ae837a6ca2fc45f07a74898cc4ba45.png,26-06-2025_20-15-30
Sonic_Farm,0x7ab7528984690d3d8066bac18f38133a0cfba053,BASE,ETH,Wallet,"$2,432.63",0.000000,$0.00,ETH,True,https://static.debank.com/image/coin/logo_url/eth/6443cdccced33e204d90cb723c632917.png,26-06-2025_20-15-30
Sonic_Farm,0x7ab7528984690d3d8066bac18f38133a0cfba053,SONIC,wS,Wallet,$0.30,0.486446,$0.15,Wrapped Sonic,True,https://static.debank.com/image/sonic_token/logo_url/0x039e2fb66102314ce7b64ce5ce3e5183bc94ad38/c4faf4a1f3192ee5dc3184879182d7e3.png,26-06-2025_20-15-30
Sonic_Farm,0x7ab7528984690d3d8066bac18f38133a0cfba053,SONIC,SHADOW,Wallet,$21.82,0.000293,$0.01,Shadow,True,https://static.debank.com/image/sonic_token/logo_url/0x3333b97138d4b086720b5ae8a7844b1345a33333/72eb44fe5e33b375362d5256423b5293.png,26-06-2025_20-15-30
Sonic_Farm,0x7ab7528984690d3d8066bac18f38133a0cfba053,SONIC,xSHADOW,Wallet,$21.82,0.004582,$0.10,xShadow,True,https://static.debank.com/image/sonic_token/logo_url/0x5050bc082ff4a74fb6b0b04385defddb114b2424/002d21b0496b2364071c75c3028b5183.png,26-06-2025_20-15-30
Sonic_Farm,0x7ab7528984690d3d8066bac18f38133a0cfba053,SONIC,GEMS,Wallet,$18.65,0.000806,$0.02,Shadow Wrapped Gems,True,https://static.debank.com/image/sonic_token/logo_url/0x5555b2733602ded58d47b8d3d989e631cbee5555/e6b58dd1e32c3201822ace8e1fba8758.png,26-06-2025_20-15-30
Sonic_Farm,0x7ab7528984690d3d8066bac18f38133a0cfba053,SONIC,RUGGIE,Wallet,$0.00,31.794226,$0.00,Ruggie's Pizza,True,https://static.debank.com/image/sonic_token/logo_url/0xb2a909b8bcce9b30bbc9d4c748fd897d6ad9c285/084f3f6c69be11204f5192c4374a6891.png,26-06-2025_20-15-30
Sonic_Farm,0x7ab7528984690d3d8066bac18f38133a0cfba053,SONIC,ROME,Wallet,$0.23,0.010713,$0.00,Rome,True,https://static.debank.com/image/sonic_token/logo_url/0xc8449e006c5cb61959168f273c3e17fb8d2cd75e/83611c1cc22e2b4188d5e3073d1b9fe4.png,26-06-2025_20-15-30
Sonic_Farm,0x7ab7528984690d3d8066bac18f38133a0cfba053,SONIC,S,Wallet,$0.30,6.379014,$1.93,S,True,https://static.debank.com/image/sonic_token/logo_url/sonic/17d88e82ee2f7243922c0f2d3de580ce.png,26-06-2025_20-15-30
Sonic_Farm,0x7ab7528984690d3d8066bac18f38133a0cfba053,SONIC,USDC,Aave V3 (Lending),$1.00,0.000001,$0.00,USDC,True,https://static.debank.com/image/coin/logo_url/usdc/e87790bfe0b3f2ea855dc29069b38818.png,26-06-2025_20-15-30
Sonic_Farm,0x7ab7528984690d3d8066bac18f38133a0cfba053,SONIC,SHADOW,Shadow Exchange (Vesting),$21.82,0.246414,$5.38,Shadow,True,https://static.debank.com/image/sonic_token/logo_url/0x3333b97138d4b086720b5ae8a7844b1345a33333/72eb44fe5e33b375362d5256423b5293.png,26-06-2025_20-15-30
ZYF_AI,0x2463cc0b87dfc7d563b5f4fee294c49fe0603c62,SONIC,USDC,Wallet,$1.00,0.000002,$0.00,USDC,True,https://static.debank.com/image/coin/logo_url/usdc/e87790bfe0b3f2ea855dc29069b38818.png,26-06-2025_20-15-30
ZYF_AI,0x2463cc0b87dfc7d563b5f4fee294c49fe0603c62,BASE,USDC,Morpho (Yield),$1.00,200.484375,$200.42,USD Coin,True,https://static.debank.com/image/eth_token/logo_url/0xa0b86991c6218b36c1d19d4a2e9eb0ce3606eb48/fffcd27b9efff5a86ab942084c05924d.png,26-06-2025_20-15-30
ZYF_AI,0x2463cc0b87dfc7d563b5f4fee294c49fe0603c62,SONIC,SILO,Silo (Rewards),$0.04,1.337684,$0.06,Silo Token,False,https://static.debank.com/image/project/logo_url/arb_silo/70cd780f68c001aa0d9543d596db5601.png,26-06-2025_20-15-30
ZYF_AI,0x2463cc0b87dfc7d563b5f4fee294c49fe0603c62,SONIC,SILO,Silo (Rewards),$0.04,0.106407,$0.00,Silo Token,False,https://static.debank.com/image/project/logo_url/arb_silo/70cd780f68c001aa0d9543d596db5601.png,26-06-2025_20-15-30
ZYF_AI,0x2463cc0b87dfc7d563b5f4fee294c49fe0603c62,SONIC,USDC,Silo (Yield),$1.00,254.397397,$254.32,USDC,True,https://static.debank.com/image/coin/logo_url/usdc/e87790bfe0b3f2ea855dc29069b38818.png,26-06-2025_20-15-30
